-- QumulusAI Demo Seed Data
-- ~40 person AI infrastructure company, Atlanta GA, $500M raised, scaling to 300+
-- Run this in Supabase SQL Editor

-- ─── DEPARTMENTS ─────────────────────────────────────────────────────────────
INSERT INTO departments (id, name, organization_id) VALUES
  ('d1000000-0000-0000-0000-000000000001', 'Infrastructure',        '00000000-0000-0000-0000-000000000001'),
  ('d1000000-0000-0000-0000-000000000002', 'Solutions Engineering', '00000000-0000-0000-0000-000000000001'),
  ('d1000000-0000-0000-0000-000000000003', 'Sales',                 '00000000-0000-0000-0000-000000000001'),
  ('d1000000-0000-0000-0000-000000000004', 'DC Operations',         '00000000-0000-0000-0000-000000000001'),
  ('d1000000-0000-0000-0000-000000000005', 'Finance',               '00000000-0000-0000-0000-000000000001'),
  ('d1000000-0000-0000-0000-000000000006', 'People & Culture',      '00000000-0000-0000-0000-000000000001')
ON CONFLICT (id) DO NOTHING;

-- ─── EMPLOYEES ───────────────────────────────────────────────────────────────
INSERT INTO employees (id, full_name, email, role_title, department_id, organization_id, status, start_date) VALUES
  -- Infrastructure
  ('e1000000-0000-0000-0000-000000000001', 'Ryan Callahan',   'ryan.callahan@qumulusai.com',   'GPU Infrastructure Engineer',       'd1000000-0000-0000-0000-000000000001', '00000000-0000-0000-0000-000000000001', 'active', '2022-09-12'),
  ('e1000000-0000-0000-0000-000000000002', 'Mei Lin',         'mei.lin@qumulusai.com',         'Senior GPU Infrastructure Engineer', 'd1000000-0000-0000-0000-000000000001', '00000000-0000-0000-0000-000000000001', 'active', '2021-11-01'),
  ('e1000000-0000-0000-0000-000000000003', 'Jordan Patel',    'jordan.patel@qumulusai.com',    'Infrastructure Architect',           'd1000000-0000-0000-0000-000000000001', '00000000-0000-0000-0000-000000000001', 'active', '2023-03-20'),
  -- Solutions Engineering
  ('e1000000-0000-0000-0000-000000000004', 'Aisha Okonkwo',   'aisha.okonkwo@qumulusai.com',   'AI Solutions Architect',             'd1000000-0000-0000-0000-000000000002', '00000000-0000-0000-0000-000000000001', 'active', '2023-07-10'),
  ('e1000000-0000-0000-0000-000000000005', 'Carlos Reyes',    'carlos.reyes@qumulusai.com',    'Senior Solutions Engineer',          'd1000000-0000-0000-0000-000000000002', '00000000-0000-0000-0000-000000000001', 'active', '2022-04-04'),
  ('e1000000-0000-0000-0000-000000000006', 'Fatima Hassan',   'fatima.hassan@qumulusai.com',   'Solutions Engineer',                 'd1000000-0000-0000-0000-000000000002', '00000000-0000-0000-0000-000000000001', 'active', '2024-01-15'),
  -- Sales
  ('e1000000-0000-0000-0000-000000000007', 'Priya Menon',     'priya.menon@qumulusai.com',     'Enterprise Account Executive',       'd1000000-0000-0000-0000-000000000003', '00000000-0000-0000-0000-000000000001', 'active', '2023-10-02'),
  ('e1000000-0000-0000-0000-000000000008', 'Tyler Brooks',    'tyler.brooks@qumulusai.com',    'Enterprise Account Executive',       'd1000000-0000-0000-0000-000000000003', '00000000-0000-0000-0000-000000000001', 'active', '2024-02-19'),
  -- DC Operations
  ('e1000000-0000-0000-0000-000000000009', 'Derek Huang',     'derek.huang@qumulusai.com',     'Data Center Operations Lead',        'd1000000-0000-0000-0000-000000000004', '00000000-0000-0000-0000-000000000001', 'active', '2021-06-07'),
  ('e1000000-0000-0000-0000-000000000010', 'Sandra Obi',      'sandra.obi@qumulusai.com',      'DC Operations Technician',           'd1000000-0000-0000-0000-000000000004', '00000000-0000-0000-0000-000000000001', 'active', '2023-05-22'),
  -- Finance
  ('e1000000-0000-0000-0000-000000000011', 'Marcus Webb',     'marcus.webb@qumulusai.com',     'Senior Financial Analyst',           'd1000000-0000-0000-0000-000000000005', '00000000-0000-0000-0000-000000000001', 'active', '2022-08-15'),
  -- People & Culture
  ('e1000000-0000-0000-0000-000000000012', 'Lena Fischer',    'lena.fischer@qumulusai.com',    'HR Business Partner',                'd1000000-0000-0000-0000-000000000006', '00000000-0000-0000-0000-000000000001', 'active', '2023-01-09')
ON CONFLICT (id) DO NOTHING;

-- ─── ENGAGEMENT SCORES ───────────────────────────────────────────────────────
INSERT INTO engagement_scores (employee_id, organization_id, score, source, recorded_at) VALUES
  ('e1000000-0000-0000-0000-000000000001', '00000000-0000-0000-0000-000000000001', 78, 'pulse_check', NOW() - INTERVAL '3 days'),
  ('e1000000-0000-0000-0000-000000000002', '00000000-0000-0000-0000-000000000001', 91, 'pulse_check', NOW() - INTERVAL '3 days'),
  ('e1000000-0000-0000-0000-000000000003', '00000000-0000-0000-0000-000000000001', 84, 'pulse_check', NOW() - INTERVAL '3 days'),
  ('e1000000-0000-0000-0000-000000000004', '00000000-0000-0000-0000-000000000001', 85, 'pulse_check', NOW() - INTERVAL '3 days'),
  ('e1000000-0000-0000-0000-000000000005', '00000000-0000-0000-0000-000000000001', 79, 'pulse_check', NOW() - INTERVAL '3 days'),
  ('e1000000-0000-0000-0000-000000000006', '00000000-0000-0000-0000-000000000001', 88, 'pulse_check', NOW() - INTERVAL '3 days'),
  ('e1000000-0000-0000-0000-000000000007', '00000000-0000-0000-0000-000000000001', 67, 'pulse_check', NOW() - INTERVAL '3 days'),
  ('e1000000-0000-0000-0000-000000000008', '00000000-0000-0000-0000-000000000001', 71, 'pulse_check', NOW() - INTERVAL '3 days'),
  ('e1000000-0000-0000-0000-000000000009', '00000000-0000-0000-0000-000000000001', 52, 'pulse_check', NOW() - INTERVAL '3 days'),
  ('e1000000-0000-0000-0000-000000000010', '00000000-0000-0000-0000-000000000001', 74, 'pulse_check', NOW() - INTERVAL '3 days'),
  ('e1000000-0000-0000-0000-000000000011', '00000000-0000-0000-0000-000000000001', 83, 'pulse_check', NOW() - INTERVAL '3 days'),
  ('e1000000-0000-0000-0000-000000000012', '00000000-0000-0000-0000-000000000001', 89, 'pulse_check', NOW() - INTERVAL '3 days');

-- ─── FLIGHT RISK SCORES ──────────────────────────────────────────────────────
INSERT INTO flight_risk_scores (employee_id, organization_id, risk_level, risk_score, computed_at) VALUES
  ('e1000000-0000-0000-0000-000000000001', '00000000-0000-0000-0000-000000000001', 'medium', 55, NOW() - INTERVAL '7 days'),
  ('e1000000-0000-0000-0000-000000000002', '00000000-0000-0000-0000-000000000001', 'low',    22, NOW() - INTERVAL '7 days'),
  ('e1000000-0000-0000-0000-000000000003', '00000000-0000-0000-0000-000000000001', 'low',    18, NOW() - INTERVAL '7 days'),
  ('e1000000-0000-0000-0000-000000000004', '00000000-0000-0000-0000-000000000001', 'low',    15, NOW() - INTERVAL '7 days'),
  ('e1000000-0000-0000-0000-000000000005', '00000000-0000-0000-0000-000000000001', 'low',    28, NOW() - INTERVAL '7 days'),
  ('e1000000-0000-0000-0000-000000000006', '00000000-0000-0000-0000-000000000001', 'low',    12, NOW() - INTERVAL '7 days'),
  ('e1000000-0000-0000-0000-000000000007', '00000000-0000-0000-0000-000000000001', 'medium', 61, NOW() - INTERVAL '7 days'),
  ('e1000000-0000-0000-0000-000000000008', '00000000-0000-0000-0000-000000000001', 'medium', 58, NOW() - INTERVAL '7 days'),
  ('e1000000-0000-0000-0000-000000000009', '00000000-0000-0000-0000-000000000001', 'high',   78, NOW() - INTERVAL '7 days'),
  ('e1000000-0000-0000-0000-000000000010', '00000000-0000-0000-0000-000000000001', 'low',    31, NOW() - INTERVAL '7 days'),
  ('e1000000-0000-0000-0000-000000000011', '00000000-0000-0000-0000-000000000001', 'low',    19, NOW() - INTERVAL '7 days'),
  ('e1000000-0000-0000-0000-000000000012', '00000000-0000-0000-0000-000000000001', 'low',    14, NOW() - INTERVAL '7 days');

-- ─── GOALS ───────────────────────────────────────────────────────────────────
INSERT INTO goals (employee_id, organization_id, title, status, due_date) VALUES
  -- Ryan Callahan (Infrastructure)
  ('e1000000-0000-0000-0000-000000000001', '00000000-0000-0000-0000-000000000001', 'Provision 50 new H100 GPU nodes for cluster expansion',     'completed',   '2024-03-31'),
  ('e1000000-0000-0000-0000-000000000001', '00000000-0000-0000-0000-000000000001', 'Reduce cluster provisioning time from 4h to under 45 min',  'in_progress', '2024-09-30'),
  ('e1000000-0000-0000-0000-000000000001', '00000000-0000-0000-0000-000000000001', 'Document GPU node runbooks for Tier 1 support handoff',      'in_progress', '2024-08-15'),
  -- Mei Lin (Infrastructure)
  ('e1000000-0000-0000-0000-000000000002', '00000000-0000-0000-0000-000000000001', 'Lead migration of bare-metal fleet to new network fabric',   'completed',   '2024-02-28'),
  ('e1000000-0000-0000-0000-000000000002', '00000000-0000-0000-0000-000000000001', 'Achieve AWS Advanced Networking Specialty certification',     'in_progress', '2024-10-01'),
  -- Jordan Patel (Infrastructure)
  ('e1000000-0000-0000-0000-000000000003', '00000000-0000-0000-0000-000000000001', 'Design multi-region redundancy architecture for Atlanta DC',  'in_progress', '2024-11-30'),
  ('e1000000-0000-0000-0000-000000000003', '00000000-0000-0000-0000-000000000001', 'Complete capacity planning model for 2025 headcount growth',  'completed',   '2024-04-30'),
  -- Aisha Okonkwo (Solutions Engineering)
  ('e1000000-0000-0000-0000-000000000004', '00000000-0000-0000-0000-000000000001', 'Deliver 3 enterprise POC environments for pipeline accounts', 'completed',   '2024-03-15'),
  ('e1000000-0000-0000-0000-000000000004', '00000000-0000-0000-0000-000000000001', 'Build repeatable LLM fine-tuning demo for Solutions team',    'in_progress', '2024-09-01'),
  -- Carlos Reyes (Solutions Engineering)
  ('e1000000-0000-0000-0000-000000000005', '00000000-0000-0000-0000-000000000001', 'Create technical integration guide for top 5 ISV partners',  'completed',   '2024-01-31'),
  ('e1000000-0000-0000-0000-000000000005', '00000000-0000-0000-0000-000000000001', 'Hit $2.4M in influenced pipeline through SE-led POCs',        'in_progress', '2024-12-31'),
  -- Fatima Hassan (Solutions Engineering)
  ('e1000000-0000-0000-0000-000000000006', '00000000-0000-0000-0000-000000000001', 'Complete onboarding and shadow 5 customer calls',             'completed',   '2024-02-28'),
  ('e1000000-0000-0000-0000-000000000006', '00000000-0000-0000-0000-000000000001', 'Independently own first enterprise POC end-to-end',           'in_progress', '2024-08-31'),
  -- Priya Menon (Sales)
  ('e1000000-0000-0000-0000-000000000007', '00000000-0000-0000-0000-000000000001', 'Close $1.8M in new ACV by end of Q4 2024',                   'in_progress', '2024-12-31'),
  ('e1000000-0000-0000-0000-000000000007', '00000000-0000-0000-0000-000000000001', 'Expand Southeast territory pipeline by 40%',                  'in_progress', '2024-09-30'),
  -- Tyler Brooks (Sales)
  ('e1000000-0000-0000-0000-000000000008', '00000000-0000-0000-0000-000000000001', 'Ramp to full quota in first 6 months',                       'in_progress', '2024-08-19'),
  ('e1000000-0000-0000-0000-000000000008', '00000000-0000-0000-0000-000000000001', 'Build Northeast enterprise pipeline of 10+ qualified opps',   'in_progress', '2024-10-31'),
  -- Derek Huang (DC Operations)
  ('e1000000-0000-0000-0000-000000000009', '00000000-0000-0000-0000-000000000001', 'Reduce DC power usage effectiveness (PUE) from 1.6 to 1.4',  'in_progress', '2024-12-31'),
  ('e1000000-0000-0000-0000-000000000009', '00000000-0000-0000-0000-000000000001', 'Complete DCIM platform rollout across Marietta facility',      'completed',   '2024-03-31'),
  -- Sandra Obi (DC Operations)
  ('e1000000-0000-0000-0000-000000000010', '00000000-0000-0000-0000-000000000001', 'Earn CompTIA Data+ certification',                            'completed',   '2024-05-31'),
  ('e1000000-0000-0000-0000-000000000010', '00000000-0000-0000-0000-000000000001', 'Lead weekly facility inspection process and reporting',        'in_progress', '2024-12-31'),
  -- Marcus Webb (Finance)
  ('e1000000-0000-0000-0000-000000000011', '00000000-0000-0000-0000-000000000001', 'Build headcount and labor cost model for 300-person scale',   'completed',   '2024-04-30'),
  ('e1000000-0000-0000-0000-000000000011', '00000000-0000-0000-0000-000000000001', 'Implement monthly department-level budget variance reporting', 'in_progress', '2024-07-31'),
  -- Lena Fischer (People & Culture)
  ('e1000000-0000-0000-0000-000000000012', '00000000-0000-0000-0000-000000000001', 'Launch pulse survey cadence across all departments',           'completed',   '2024-03-01'),
  ('e1000000-0000-0000-0000-000000000012', '00000000-0000-0000-0000-000000000001', 'Build onboarding program for 50+ new hires in H2 2024',       'in_progress', '2024-09-30'),
  ('e1000000-0000-0000-0000-000000000012', '00000000-0000-0000-0000-000000000001', 'Reduce time-to-hire for technical roles from 45d to 30d',     'in_progress', '2024-12-31');

-- ─── COMPENSATION BANDS ──────────────────────────────────────────────────────
INSERT INTO compensation_bands (department_id, organization_id, role_level, min_salary, max_salary, notes) VALUES
  ('d1000000-0000-0000-0000-000000000001', '00000000-0000-0000-0000-000000000001', 'IC',       140000, 220000, 'GPU/Networking Engineers; market premium for H100 expertise'),
  ('d1000000-0000-0000-0000-000000000002', '00000000-0000-0000-0000-000000000001', 'IC',       130000, 200000, 'AI/ML Solutions Engineers; competitive with hyperscalers'),
  ('d1000000-0000-0000-0000-000000000003', '00000000-0000-0000-0000-000000000001', 'IC',        90000, 160000, 'Base only; OTE 2x base with uncapped commission'),
  ('d1000000-0000-0000-0000-000000000004', '00000000-0000-0000-0000-000000000001', 'IC',        95000, 150000, 'DC Technicians and Ops Leads'),
  ('d1000000-0000-0000-0000-000000000005', '00000000-0000-0000-0000-000000000001', 'IC',       120000, 180000, 'FP&A and Accounting'),
  ('d1000000-0000-0000-0000-000000000006', '00000000-0000-0000-0000-000000000001', 'IC',       110000, 170000, 'HRBP and Recruiting')
ON CONFLICT DO NOTHING;

-- ─── LABOR COSTS (last 6 months by department) ───────────────────────────────
INSERT INTO labor_costs (department_id, organization_id, period, total_cost, headcount) VALUES
  -- Infrastructure
  ('d1000000-0000-0000-0000-000000000001', '00000000-0000-0000-0000-000000000001', '2024-01', 148000, 3),
  ('d1000000-0000-0000-0000-000000000001', '00000000-0000-0000-0000-000000000001', '2024-02', 148000, 3),
  ('d1000000-0000-0000-0000-000000000001', '00000000-0000-0000-0000-000000000001', '2024-03', 148000, 3),
  ('d1000000-0000-0000-0000-000000000001', '00000000-0000-0000-0000-000000000001', '2024-04', 162000, 3),
  ('d1000000-0000-0000-0000-000000000001', '00000000-0000-0000-0000-000000000001', '2024-05', 162000, 3),
  ('d1000000-0000-0000-0000-000000000001', '00000000-0000-0000-0000-000000000001', '2024-06', 162000, 3),
  -- Solutions Engineering
  ('d1000000-0000-0000-0000-000000000002', '00000000-0000-0000-0000-000000000001', '2024-01', 127000, 3),
  ('d1000000-0000-0000-0000-000000000002', '00000000-0000-0000-0000-000000000001', '2024-02', 127000, 3),
  ('d1000000-0000-0000-0000-000000000002', '00000000-0000-0000-0000-000000000001', '2024-03', 127000, 3),
  ('d1000000-0000-0000-0000-000000000002', '00000000-0000-0000-0000-000000000001', '2024-04', 141000, 3),
  ('d1000000-0000-0000-0000-000000000002', '00000000-0000-0000-0000-000000000001', '2024-05', 141000, 3),
  ('d1000000-0000-0000-0000-000000000002', '00000000-0000-0000-0000-000000000001', '2024-06', 141000, 3),
  -- Sales
  ('d1000000-0000-0000-0000-000000000003', '00000000-0000-0000-0000-000000000001', '2024-01',  98000, 2),
  ('d1000000-0000-0000-0000-000000000003', '00000000-0000-0000-0000-000000000001', '2024-02',  98000, 2),
  ('d1000000-0000-0000-0000-000000000003', '00000000-0000-0000-0000-000000000001', '2024-03',  98000, 2),
  ('d1000000-0000-0000-0000-000000000003', '00000000-0000-0000-0000-000000000001', '2024-04', 118000, 2),
  ('d1000000-0000-0000-0000-000000000003', '00000000-0000-0000-0000-000000000001', '2024-05', 118000, 2),
  ('d1000000-0000-0000-0000-000000000003', '00000000-0000-0000-0000-000000000001', '2024-06', 118000, 2),
  -- DC Operations
  ('d1000000-0000-0000-0000-000000000004', '00000000-0000-0000-0000-000000000001', '2024-01',  99000, 2),
  ('d1000000-0000-0000-0000-000000000004', '00000000-0000-0000-0000-000000000001', '2024-02',  99000, 2),
  ('d1000000-0000-0000-0000-000000000004', '00000000-0000-0000-0000-000000000001', '2024-03',  99000, 2),
  ('d1000000-0000-0000-0000-000000000004', '00000000-0000-0000-0000-000000000001', '2024-04',  99000, 2),
  ('d1000000-0000-0000-0000-000000000004', '00000000-0000-0000-0000-000000000001', '2024-05',  99000, 2),
  ('d1000000-0000-0000-0000-000000000004', '00000000-0000-0000-0000-000000000001', '2024-06',  99000, 2),
  -- Finance
  ('d1000000-0000-0000-0000-000000000005', '00000000-0000-0000-0000-000000000001', '2024-01',  96000, 1),
  ('d1000000-0000-0000-0000-000000000005', '00000000-0000-0000-0000-000000000001', '2024-02',  96000, 1),
  ('d1000000-0000-0000-0000-000000000005', '00000000-0000-0000-0000-000000000001', '2024-03',  96000, 1),
  ('d1000000-0000-0000-0000-000000000005', '00000000-0000-0000-0000-000000000001', '2024-04',  96000, 1),
  ('d1000000-0000-0000-0000-000000000005', '00000000-0000-0000-0000-000000000001', '2024-05',  96000, 1),
  ('d1000000-0000-0000-0000-000000000005', '00000000-0000-0000-0000-000000000001', '2024-06',  96000, 1),
  -- People & Culture
  ('d1000000-0000-0000-0000-000000000006', '00000000-0000-0000-0000-000000000001', '2024-01',  88000, 1),
  ('d1000000-0000-0000-0000-000000000006', '00000000-0000-0000-0000-000000000001', '2024-02',  88000, 1),
  ('d1000000-0000-0000-0000-000000000006', '00000000-0000-0000-0000-000000000001', '2024-03',  88000, 1),
  ('d1000000-0000-0000-0000-000000000006', '00000000-0000-0000-0000-000000000001', '2024-04',  88000, 1),
  ('d1000000-0000-0000-0000-000000000006', '00000000-0000-0000-0000-000000000001', '2024-05',  88000, 1),
  ('d1000000-0000-0000-0000-000000000006', '00000000-0000-0000-0000-000000000001', '2024-06',  88000, 1)
ON CONFLICT DO NOTHING;

-- ─── CERTIFICATIONS ──────────────────────────────────────────────────────────
INSERT INTO certifications (employee_id, organization_id, name, issuer, status, expiry_date) VALUES
  -- Infrastructure
  ('e1000000-0000-0000-0000-000000000001', '00000000-0000-0000-0000-000000000001', 'AWS Certified Solutions Architect – Professional', 'Amazon Web Services', 'active',         '2025-09-12'),
  ('e1000000-0000-0000-0000-000000000001', '00000000-0000-0000-0000-000000000001', 'NVIDIA DGX Systems Administration',                'NVIDIA',             'expiring_soon',  '2024-09-01'),
  ('e1000000-0000-0000-0000-000000000002', '00000000-0000-0000-0000-000000000001', 'AWS Certified Advanced Networking – Specialty',    'Amazon Web Services', 'active',         '2026-02-14'),
  ('e1000000-0000-0000-0000-000000000002', '00000000-0000-0000-0000-000000000001', 'Linux Foundation Certified Engineer (LFCE)',       'Linux Foundation',   'expiring_soon',  '2024-08-20'),
  ('e1000000-0000-0000-0000-000000000003', '00000000-0000-0000-0000-000000000001', 'Cisco CCNP Data Center',                          'Cisco',              'active',         '2025-11-30'),
  -- DC Operations
  ('e1000000-0000-0000-0000-000000000009', '00000000-0000-0000-0000-000000000001', 'Uptime Institute ATD (Accredited Tier Designer)',  'Uptime Institute',   'active',         '2025-06-07'),
  ('e1000000-0000-0000-0000-000000000009', '00000000-0000-0000-0000-000000000001', 'CompTIA Server+',                                 'CompTIA',            'expiring_soon',  '2024-09-15'),
  ('e1000000-0000-0000-0000-000000000010', '00000000-0000-0000-0000-000000000001', 'CompTIA Data+',                                   'CompTIA',            'active',         '2027-05-22'),
  ('e1000000-0000-0000-0000-000000000010', '00000000-0000-0000-0000-000000000001', 'EPI Data Center Technician (EDCTP)',               'EPI',                'active',         '2026-03-10');

-- ─── TRAINING RECORDS ────────────────────────────────────────────────────────
INSERT INTO training_records (employee_id, organization_id, course_name, status, completed_at, due_date) VALUES
  -- Security Awareness (all employees)
  ('e1000000-0000-0000-0000-000000000001', '00000000-0000-0000-0000-000000000001', 'Annual Security Awareness Training',    'completed', '2024-01-15', '2024-01-31'),
  ('e1000000-0000-0000-0000-000000000002', '00000000-0000-0000-0000-000000000001', 'Annual Security Awareness Training',    'completed', '2024-01-12', '2024-01-31'),
  ('e1000000-0000-0000-0000-000000000003', '00000000-0000-0000-0000-000000000001', 'Annual Security Awareness Training',    'completed', '2024-01-18', '2024-01-31'),
  ('e1000000-0000-0000-0000-000000000004', '00000000-0000-0000-0000-000000000001', 'Annual Security Awareness Training',    'completed', '2024-01-20', '2024-01-31'),
  ('e1000000-0000-0000-0000-000000000005', '00000000-0000-0000-0000-000000000001', 'Annual Security Awareness Training',    'completed', '2024-01-10', '2024-01-31'),
  ('e1000000-0000-0000-0000-000000000006', '00000000-0000-0000-0000-000000000001', 'Annual Security Awareness Training',    'pending',   NULL,         '2024-07-31'),
  ('e1000000-0000-0000-0000-000000000007', '00000000-0000-0000-0000-000000000001', 'Annual Security Awareness Training',    'completed', '2024-01-22', '2024-01-31'),
  ('e1000000-0000-0000-0000-000000000008', '00000000-0000-0000-0000-000000000001', 'Annual Security Awareness Training',    'pending',   NULL,         '2024-07-31'),
  ('e1000000-0000-0000-0000-000000000009', '00000000-0000-0000-0000-000000000001', 'Annual Security Awareness Training',    'completed', '2024-01-09', '2024-01-31'),
  ('e1000000-0000-0000-0000-000000000010', '00000000-0000-0000-0000-000000000001', 'Annual Security Awareness Training',    'completed', '2024-01-25', '2024-01-31'),
  ('e1000000-0000-0000-0000-000000000011', '00000000-0000-0000-0000-000000000001', 'Annual Security Awareness Training',    'completed', '2024-01-11', '2024-01-31'),
  ('e1000000-0000-0000-0000-000000000012', '00000000-0000-0000-0000-000000000001', 'Annual Security Awareness Training',    'completed', '2024-01-08', '2024-01-31'),
  -- Compliance Training
  ('e1000000-0000-0000-0000-000000000001', '00000000-0000-0000-0000-000000000001', 'SOC 2 Compliance & Data Handling',      'completed', '2024-02-05', '2024-02-28'),
  ('e1000000-0000-0000-0000-000000000002', '00000000-0000-0000-0000-000000000001', 'SOC 2 Compliance & Data Handling',      'completed', '2024-02-07', '2024-02-28'),
  ('e1000000-0000-0000-0000-000000000009', '00000000-0000-0000-0000-000000000001', 'SOC 2 Compliance & Data Handling',      'pending',   NULL,         '2024-08-31'),
  ('e1000000-0000-0000-0000-000000000011', '00000000-0000-0000-0000-000000000001', 'SOC 2 Compliance & Data Handling',      'completed', '2024-02-03', '2024-02-28'),
  -- Manager Training
  ('e1000000-0000-0000-0000-000000000002', '00000000-0000-0000-0000-000000000001', 'People Manager Foundations',            'completed', '2024-03-14', '2024-03-31'),
  ('e1000000-0000-0000-0000-000000000009', '00000000-0000-0000-0000-000000000001', 'People Manager Foundations',            'pending',   NULL,         '2024-09-30');

-- ─── REQUIRED DOCUMENTS ──────────────────────────────────────────────────────
INSERT INTO required_documents (employee_id, organization_id, document_type, status) VALUES
  -- Most employees have all docs — only flag missing ones
  ('e1000000-0000-0000-0000-000000000006', '00000000-0000-0000-0000-000000000001', 'I-9 Employment Eligibility Verification', 'missing'),
  ('e1000000-0000-0000-0000-000000000008', '00000000-0000-0000-0000-000000000001', 'W-4 Federal Tax Withholding',             'missing'),
  ('e1000000-0000-0000-0000-000000000008', '00000000-0000-0000-0000-000000000001', 'Direct Deposit Authorization',            'missing'),
  -- All others have complete docs (sample completed records)
  ('e1000000-0000-0000-0000-000000000001', '00000000-0000-0000-0000-000000000001', 'I-9 Employment Eligibility Verification', 'complete'),
  ('e1000000-0000-0000-0000-000000000001', '00000000-0000-0000-0000-000000000001', 'W-4 Federal Tax Withholding',             'complete'),
  ('e1000000-0000-0000-0000-000000000002', '00000000-0000-0000-0000-000000000001', 'I-9 Employment Eligibility Verification', 'complete'),
  ('e1000000-0000-0000-0000-000000000002', '00000000-0000-0000-0000-000000000001', 'W-4 Federal Tax Withholding',             'complete'),
  ('e1000000-0000-0000-0000-000000000003', '00000000-0000-0000-0000-000000000001', 'I-9 Employment Eligibility Verification', 'complete'),
  ('e1000000-0000-0000-0000-000000000003', '00000000-0000-0000-0000-000000000001', 'W-4 Federal Tax Withholding',             'complete'),
  ('e1000000-0000-0000-0000-000000000004', '00000000-0000-0000-0000-000000000001', 'I-9 Employment Eligibility Verification', 'complete'),
  ('e1000000-0000-0000-0000-000000000004', '00000000-0000-0000-0000-000000000001', 'W-4 Federal Tax Withholding',             'complete'),
  ('e1000000-0000-0000-0000-000000000005', '00000000-0000-0000-0000-000000000001', 'I-9 Employment Eligibility Verification', 'complete'),
  ('e1000000-0000-0000-0000-000000000005', '00000000-0000-0000-0000-000000000001', 'W-4 Federal Tax Withholding',             'complete'),
  ('e1000000-0000-0000-0000-000000000007', '00000000-0000-0000-0000-000000000001', 'I-9 Employment Eligibility Verification', 'complete'),
  ('e1000000-0000-0000-0000-000000000007', '00000000-0000-0000-0000-000000000001', 'W-4 Federal Tax Withholding',             'complete'),
  ('e1000000-0000-0000-0000-000000000009', '00000000-0000-0000-0000-000000000001', 'I-9 Employment Eligibility Verification', 'complete'),
  ('e1000000-0000-0000-0000-000000000009', '00000000-0000-0000-0000-000000000001', 'W-4 Federal Tax Withholding',             'complete'),
  ('e1000000-0000-0000-0000-000000000010', '00000000-0000-0000-0000-000000000001', 'I-9 Employment Eligibility Verification', 'complete'),
  ('e1000000-0000-0000-0000-000000000010', '00000000-0000-0000-0000-000000000001', 'W-4 Federal Tax Withholding',             'complete'),
  ('e1000000-0000-0000-0000-000000000011', '00000000-0000-0000-0000-000000000001', 'I-9 Employment Eligibility Verification', 'complete'),
  ('e1000000-0000-0000-0000-000000000011', '00000000-0000-0000-0000-000000000001', 'W-4 Federal Tax Withholding',             'complete'),
  ('e1000000-0000-0000-0000-000000000012', '00000000-0000-0000-0000-000000000001', 'I-9 Employment Eligibility Verification', 'complete'),
  ('e1000000-0000-0000-0000-000000000012', '00000000-0000-0000-0000-000000000001', 'W-4 Federal Tax Withholding',             'complete');
